Source,PC Part
eBay,Apple iPhone 15 Pro 256gb ( Unlocked) US E-Sim Version. Excellent
eBay,Google Pixel 8 Pro 128GB Factory Unlocked - Excellent
eBay,"Apple Macbook Air MLY33LL/A 2022 M2 - Magsafe 3 - 13.6"" 8GB/256GB SSD Excellent"
eBay,Samsung Galaxy S21 5G SM-G991U 128GB 256GB Unlocked Very Good Refurbished
eBay,NEW UNLOCKED SAMSUNG GALAXY S20+ PLUS 5G SM-G986U 128GB BLACK GRAY GSM+CDMA
eBay,"HGST Ultrastar HUH728080ALE604 (0F23668) 8TB 7200RPM SATA 6Gb/s 3.5"" Hard Drive"
eBay,REDTIGER 4K Dash Cam Front and Rear Dual Dash Camera WIFI&GPS With 32GB SD Card
eBay,Hollyland Lark M2 Wireless Lavalier Microphone for iPhone/Android/Camera/PC/Lapt
eBay,Yugioh Speed Duel Battle City FINALS Brand New Factory Sealed
eBay,REDTIGER 4K Dual Dash Camera Front and Rear Dash Cam WIFI&GPS With 32GB SD Card
