Item,Model,Price,Source
CPU,AMD Ryzen 5 5500 6-Core 3.6GHz Socket AM4 65W CPU Desktop Processor,84.99,eBay
CPU,Intel Core i5-7500 SR335 3.40GHz Processor | Grade A,30.0,eBay
CPU,"Intel Core i5 Unlocked Processor, 13600K 13th Gen LGA1700",189.99,eBay
CPU,NEW LISTINGIntel i9 14900k Processor,320.0,eBay
CPU,"AMD Ryzen 7 7700 Processor CPU (Up to 5.3 GHz 8 Cores, LGA 1718/Socket AM5)",199.97,eBay
CPU,AMD Ryzen 7 5700X3D 3.0GHz 8 Core CPU 105W Socket AM4 Support B450 B350 X370,230.0,eBay
CPU,Intel Core I7-7700K 4.20GHz Quad-Core Desktop CPU Processor LGA1151 SR33A,79.99,eBay
CPU,Intel Core Ultra 9 Desktop Processor 285K - 24 cores (8 P-cores + 16 E-cores) an,619.99,eBay
CPU,Intel Core i7-14700K Unlocked Desktop Processor - Up to 5.6 GHz max clock speed,364.99,eBay
CPU,Intel Xeon Platinum 8461V ES Server CPU LGA4677 48Cores 3.5GHz Processor,130.0,eBay
CPU,AMD A10-7890K Quad-core CPU (4 Core) 4.10GHz CPU Processor,80.0,eBay
CPU,AMD Ryzen 7 5700X3D 8-Core 16-Thread 4.1GHz Socket AM4 CPU,259.99,eBay
CPU,"Open Box Intel Core i5-13600KF Processor (5.1 GHz, 14 Cores, LGA 1700) SRMBE",189.94,eBay
CPU,Intel Xeon Gold 6240 2.60GHz (SRF8X) J947J315,64.99,eBay
CPU,Intel Core i5-12400F 12th Gen Alder Lake 18MB Cache up to 4.40 GHz BX8071512400F,113.59,eBay
CPU,AMD RYZEN 7 9800X3D 8-Core 16-Thread Desktop Processor AM5 4.70GHz IN-HAND,537.99,eBay
CPU,Intel Core i5-10600KF 6 Cores 4.1 GHz LGA 1200 CPU Processor BX8070110600KF,109.99,eBay
CPU,AMD Ryzen 7 5700X R7-5700X 8-Core 16Thr 3.4GHz 65W Socket AM4 Support B450 A320,125.0,eBay
CPU,AMD Ryzen 7 5700X3D 8-Core 16-Thread AM4 105W CPU Processor 100-100001503WOF,274.99,eBay
CPU,Intel Core Ultra 7 Desktop Processor 265K - 20 cores (8 P-cores + 12 E-cores) an,424.99,eBay
CPU,Intel Xeon E5-2699 V4 2.2GHz 55MB 22 Core 9.6GT/s 145W CPU Processor SR2JS,144.99,eBay
CPU,💥💯💥AMD Ryzen Threadripper Pro 7955WX 16C 4.5GHz sTR5 CPU Locked 100-000000886,500.0,eBay
CPU,Intel 4th Gen Core i7-4790 SR1QF 3.60GHz (Turbo 4.00GHz) 8M 4-Core LGA-1150 CPU,36.99,eBay
CPU,AMD Ryzen Threadripper Pro 3945WX 12-Core 4.0GHz sWRX8 Processor - Unlocked,249.0,eBay
CPU,INTEL CORE i7-7700K 4.20GHz CPU QUAD CORE Processor SR33A *km,83.99,eBay
CPU,Intel Core i7-12700KF Unlocked Desktop Processor - 12 Cores And 20 Threads,219.99,eBay
CPU,AMD Ryzen 5 7600X R5-7600X 4.7 GHz 6-Core 12-Thr 105W Socket AM5(100-000000593),180.0,eBay
CPU,Intel Core i5-9600K 6-Core Processor (SRG11),64.0,eBay
CPU,Intel 3rd Gen Core i7-3770 SR0PK 3.40GHz (Turbo 3.90GHz) 4-Core 8M LGA-1155 CPU,36.55,eBay
CPU,LGA1366 Intel Xeon X5690 CPU Processor 3.46GHz 6 Core 6.4G 12MB 1333GHz Tested,23.87,eBay
CPU,Intel Core Ultra 5 Desktop Processor 245K - 14 cores (6 P-cores + 8 E-cores) and,328.29,eBay
CPU,Intel Xeon E5-2698v4 SR2JW 2.2GHz 20-Cores 50MB 135W LGA2011-3 CPU Processor,69.5,eBay
CPU,Intel Core 2 Duo T9300 (FF80576GG0606M) SLAYY SLAQG CPU 800/2.5 GHz,7.98,eBay
CPU,AMD Ryzen 7 5800X3D 8-core 16-thread 3.4-4.5Ghz 3-level cache 96MB CPU processor,358.0,eBay
CPU,AMD Ryzen 7 5700X3D 3.0 GHz 8-core AM4 96MB cache CPU processor,225.0,eBay
CPU,Intel Core i7-3770K 3.5GHz Quad-Core SR0PL LGA1155 CPU Processor,45.52,eBay
CPU,Intel Xeon E5-2697 v2 2.7GHz 30M 12-Core LGA2011 CPU Processor SR19H,29.99,eBay
CPU,Intel Core 2 Quad Q9000 CPU SLGEJ 2.0GHz-6M-1066MHz Socket P Laptops Processor,12.96,eBay
CPU,Intel(R) CC150 CPU 8C/16T 3.50GHz Support H310/B365/H370/Z370/Z390/Q370/C246,82.0,eBay
CPU,"Intel Core i5-14400, 10-Core / 16-Thread 65W CPU with iGPU - LGA1700",154.94,eBay
CPU,Intel Xeon E7-8880 v4 SR2S7 2.20GHz 55MB 22-Core LGA2011 CPU Processor,9.99,eBay
CPU,AMD EPYC 9755 QS CPU ZEN5 TURIN SP5 128 Cores 256 Threads 2.7GHz Processors,3357.0,eBay
CPU,Intel Core i7-14700F DESKTOP processor TURBO Boost 5.40Ghz SRN3Z CM8071504820816,259.0,eBay
CPU,NEW LISTINGIntel Core i7-10700T 2.0GHz LGA1200 Comet Lake Processor CPU,130.0,eBay
CPU,Intel Xeon E5-2680 V4 Server CPU Processor 2.40GHz 14 core 28 threads LGA 2011-3,14.9,eBay
CPU,Matched Pair Intel Xeon X5690 SLBVX 3.46GHZ 12MB LGA 1366 6-Core CPU Processors,61.56,eBay
CPU,Intel Core 2 Duo T9900 3.06GHz Dual-Core cpu Processor,23.6,eBay
CPU,Intel Core 14th Gen i5-14500T 1.7 GHz up to 4.8GHz 14-core 24 MB cache,149.0,eBay
CPU,NEW LISTINGIntel Pentium PRO CPU Processor Untested Scrap Gold,95.0,eBay
CPU,Matched Pair (TWO) Intel Xeon Gold 6244 3.6GHz LGA 3647 CPU SRF8Z GRADE A USA!!,259.0,eBay
CPU,Intel Core 2 Extreme QX9300 Mobile SLB5J 2.53GHzProcessor -CPU,38.28,eBay
CPU,AMD Ryzen 7 5700 - Ryzen 7 5000 Series 8-Core 3.7 GHz Socket AM4 65W None Integr,129.49,eBay
CPU,Intel core i7-990X SLBVZ 3.46GHz 6 Core Extreme Edition AT80613005931AA,79.5,eBay
CPU,Intel Core 2 Duo T9500 2.6 GHz Dual-Core 6M 800 Processor Socket P /965 TOP CPU,25.0,eBay
CPU,AMD Ryzen 5 7600 - 6-Core 3.8GHz Socket AM5 65W AMD Radeon CPU Processor,188.99,eBay
CPU,Matched Pair Intel Xeon X5690 3.46GHz 12MB 6.4GT/s 6 Core 1333GHz SLBVX CPU,49.5,eBay
CPU,CPU,0,PCPartPicker
Motherboard,ASRock Z390 PHANTOM GAMING 4S LGA 1151 Intel Z390 ATX Motherboard,95.39,eBay
Motherboard,Dell Inspiron 7706 2in1 Motherboard i7-1165G7 2.8GHz Quad-Core DDR4 P47D9 NH21K,201.58,eBay
Motherboard,NEW LISTING1PCS NEW 1336-GM1 Via DHL/UPS ##,137.0,eBay
Motherboard,NEW GIGABYTE Z390 UD Motherboard LGA 1151 Intel Z390 4×DDR4 ATX HDMI M.2 Core,99.99,eBay
Motherboard,GIGABYTE B460M AORUS ELITE LGA1200 B460 DDR4 HDMI MATX Motherboard Tested,85.99,eBay
Motherboard,(AMD) GryphiX B450M-A AMD AM4 Socket Motherboard AM4+ M-ATX Micro ATX DDR4,75.99,eBay
Motherboard,Gigabyte B460M AORUS ELITE Gaming Motherboard Micro ATX LGA 1200 Intel B460 BOX,142.92,eBay
Motherboard,"Topton N18 N100 Mini-ITX NAS Motherboard (6xSATA3, 2xM.2, 2x2.5Gbps, 1x10Gbps)",229.99,eBay
Motherboard,ASUS Rog Maximus XI Hero (Wi-Fi) LGA 1151 ATX Motherboard Intel chipset Z390,295.9,eBay
Motherboard,Gigabyte MZ33-AR1 DDR5 Server Motherboard SP5 Support AMD EPYC 9005/9004 CPU,1229.0,eBay
Motherboard,GIGABYTE GA-B250M-D3H LGA 1151 Intel B250 HDMI SATA 6Gb/s Micro ATX Motherboard,89.95,eBay
Motherboard,MATX dual socket LGA2011 X79 motherboard Intel chipset C602 Xeon E5 2600 v1 v2,123.76,eBay
Motherboard,NIB GIGABYTE GA-H110TN DDR4 Mini-ITX Embedded Motherboard 1151 - JJ,49.0,eBay
Motherboard,HP 358701-001 XW4200 System Board 347887-002,279.0,eBay
Motherboard,Genuine Dell OptiPlex 3090 7070 Ultra Motherboard i5-1145G7 16GB DDR4 5G6P6,100.0,eBay
Motherboard,X79 Micro-ATX Motherboard SATA 2.0 M.2 NVME LGA2011 Desktops Motherboard,41.97,eBay
Motherboard,Supermicro h11ssl-i Rev 2.0 motherboard ATX sp3 Support 7001/7002 EPYC CPU,355.0,eBay
Motherboard,ASUS AMD B550 AM4 Compatible Motherboard PRIME B550M-A MicroATX PRIME B550M-A,159.28,eBay
Motherboard,ASRock X570 Phantom Gaming 4 Motherboard AMD Ryzen 5 3600 Processor 16GB Ram,139.99,eBay
Motherboard,Dell Inspiron 7706 2in1 Motherboard i7-1165G7 2.8GHz Quad-Core DDR4 P47D9 NH21K,201.58,eBay
Motherboard,GIGABYTE GA-B250M-D3H LGA 1151 Intel B250 HDMI SATA 6Gb/s Micro ATX Motherboard,89.95,eBay
Motherboard,HP 358701-001 XW4200 System Board 347887-002,279.0,eBay
Motherboard,Genuine Dell OptiPlex 3090 7070 Ultra Motherboard i5-1145G7 16GB DDR4 5G6P6,100.0,eBay
Motherboard,NEW GIGABYTE Z390 UD Motherboard LGA 1151 Intel Z390 4×DDR4 ATX HDMI M.2 Core,99.99,eBay
Motherboard,MSI PRO B650-P WiFi AM5 ATX AMD Motherboard,157.0,eBay
Motherboard,Msi Mpg B650i Edge Wifi Gaming Motherboard (amd Ryzen 9000/8000/7000 Series,201.99,eBay
Motherboard,Intel D850MD Motherboard 850 Chip Support Rambus Memory RDRAM ONLLY (BRAND NEW),125.0,eBay
Motherboard,5B21B85187 LENOVO MOTHERBOARD INTEL I5 1135G7 4GB IDEAPAD 3 15ITL6 82H8 (AE59) *,174.21,eBay
Motherboard,ASUS PRIME B365-PLUS Motherboard Intel B365 LGA 1151 DDR4 M.2 ATX Core DVI-D,139.89,eBay
Motherboard,ASRock B560M PRO4 LGA 1200 Intel B560 SATA 6Gb/s Micro ATX Intel Motherboard,98.99,eBay
Motherboard,HP System Motherboard For HP Compaq 8200 Elite Microtower PC - 611835-001,28.0,eBay
Motherboard,MSI Motherboard A520M-A PRO AM4 Compatible Micro ATX AMD A520 MB5136 New From JP,64.0,eBay
Motherboard,New For HP OMEN 25L LGA 1200 Dorado H470 Micro-ATX DDR4 Motherboard L96319-001,109.88,eBay
Motherboard,ASUS TUF B365M-PLUS GAMING Motherboard LGA 1151 Intel B365 DDR4 M.2 Micro ATX,129.88,eBay
Motherboard,ASUS Rog Maximus XI Hero Wi-Fi LGA1151 ATX Motherboard Intel Z390 Chipset DDR4,227.93,eBay
Motherboard,HDMI-compatible/VGA/NVME M.2 B75A Motherboard Max Capacity 16GB for PC Gaming,28.86,eBay
Motherboard,ASUS Prime Z390-P LGA 1151 Intel Motherboard,89.99,eBay
Motherboard,ASRock X870E NOVA WIFI AM5 AMD X870E SATA 6Gb/s ATX Motherboard,412.99,eBay
Motherboard,Asus Z170I Pro Gaming Mini-ITX Motherboard w/ Intel i5-6600K @3.50GHz/2x 4GB Ram,89.99,eBay
Motherboard,DELL ALIENWARE M15 R3 CORE I7-10750H 16GB RAM RADEON RX5500M MOTHERBOARD WGTNJ,169.15,eBay
Motherboard,NB.Q3M11.004 Acer Intel I5-8300HQ NVIDIA GTX 1050 4GB Motherboard AN515-53-52FA,139.45,eBay
Motherboard,HP ProDesk 600 G4 DM Motherboard L17653-001 L04546-002 L28951-001 L31628-601,59.99,eBay
Motherboard,NEW Dell Inspiron 13 5378 15 5578 2-in-1 Motherboard W/ I5-7200U - PG0MH 0PG0MH,84.15,eBay
Motherboard,NEW LISTING5B21J15998 For ThinkPad T14 Gen 3 P14s Gen 3 Motherboard Ryzen 7 PRO 6850U,423.0,eBay
Motherboard,ASRock B560M PRO4 LGA 1200 Intel B560 SATA 6Gb/s Micro ATX Intel Motherboard,98.99,eBay
Motherboard,MAXSUN MS-iCraft B760M CROSS DDR5 WIFI Motherboard,289.0,eBay
Motherboard,ASRock Thunderbolt 4 AIC R2.0 Thunderbolt 4 PCI Express Expansion,139.42,eBay
Motherboard,ASRock Z390 PHANTOM GAMING SLI/ac LGA 1151 Intel ATX Intel Motherboard-With Wifi,139.99,eBay
Motherboard,Minisforum BD-795i SE MoDT Mini-ITX w/ Ryzen 9 7945HX CPU,369.99,eBay
Motherboard,MSI PRO B650-P WiFi AM5 ATX AMD Motherboard,157.0,eBay
Motherboard,Dell Precision 5520 Motherboard i7-7820HQ 2.9GHz Quad Core NVIDIA Graphics X41RR,127.68,eBay
Motherboard,Supermicro X11SCA-F LGA1151 Single Channel Workstation DDR4 Motherboard,139.0,eBay
Motherboard,Gigabyte MZ73-LM0 (rev. 3.0/2.0) DDR5 Server Motherboard Support 9004/9005,1575.0,eBay
Motherboard,Gigabyte MZ73-LM0 (rev. 3.0/2.0) Server MotherBoard Support AMD EPYC 9004 /9005,1575.0,eBay
Motherboard,ASUS TUF X299 MARK 2 LGA2066 DDR4 M2 USB3.1 Motherboard Support Core I9 10940X,172.9,eBay
Motherboard,Intel BLKDK132EPJ DK132EPJ Compute Card Dock NEW BROWN BOX,86.88,eBay
Motherboard,ASUS ROG STRIX X870E-E GAMING WIFI 7 AMD AM5 X870 ATX motherboard DDR5,509.99,eBay
Motherboard,ASRock B650M PRO RS WiFi AM5 AMD B650 DDR5 MicroATX Motherboard New,174.89,eBay
Motherboard,NEW LISTING5B20W77569 Motherboard For Lenovo ThinkPad E14 Gen 2 R5 4500U 5B21B63290,139.88,eBay
Motherboard,NEW LISTINGGigabyte Z590 Vision D Motherboard,199.0,eBay
Motherboard,ASUS TUF GAMING B560M-PLUS Motherboard LGA1200 10/ 11th Gen Core/Pentium/Celeron,162.91,eBay
Motherboard,MAXSUN MS-iCraft B760M CROSS DDR5 WIFI Motherboard,269.78,eBay
Motherboard,(Factory Refurbished) MSI PRO Z690-A DDR4 LGA 1700 Intel ATX Motherboard,94.99,eBay
Motherboard,Gigabyte MZ32-AR0-00 (Rev 3.0) Motherboard Support AMD EPYC 7002/7003 With Box,569.0,eBay
Motherboard,For Gigabyte Z390 M GAMING Motherboard DDR4 PCI-E 3.0 2×M.2 6×SATAIII Micro ATX,136.66,eBay
Motherboard,MSI MPG GUNGNIR 300 Monster Hunter Edition Case,475.0,eBay
Motherboard,MSI Z170A XPower Gaming Titanium Edition Motherboard LGA1151 99% NEW WITH BOX,109.94,eBay
Motherboard,MSI MPG Z390 GAMING PRO CARBON LGA 1151 Intel Z390 ATX Intel Motherboard,129.99,eBay
Motherboard,ASUS ROG STRIX X570-E GAMING WIFI II Motherboard AMD Ryzen 5000/4000/3000 CPU,376.8,eBay
Motherboard,5B20Z31004 Lenovo Intel Core i5-1135G7 12GB Motherboard 82BH0004US YOGA 7-14ITL5,189.99,eBay
Motherboard,Msi Mpg B650i Edge Wifi Gaming Motherboard (amd Ryzen 9000/8000/7000 Series,201.99,eBay
Motherboard,Motherboard,0,PCPartPicker
Power Supply,Power Supply Unit 1000w 80 Plus Bronze Support 6 GPU Gaming Computer,45.0,eBay
Power Supply,Segotep Gaming 650w Power Supply 80 Plus Gold Non-Modular ATX PC Case PSU,49.99,eBay
Power Supply,Delta AT Power Supply ATX Combo 280W (Brand New High Quality),39.5,eBay
Power Supply,Corsair HX750 750Watts 80 Plus Platinum AC Power Supply | RPS0074 | CP-9020137,54.95,eBay
Power Supply,Segotep 750W PCIe 5.0 Full Modular 80+ Gold PSU ATX 3.0 Gaming Power Supply,74.99,eBay
Power Supply,EVGA 750 GQ 750W GOLD Gold Power Supply Unit,25.0,eBay
Power Supply,Segotep 850w 80+ Gold Certified PSU atx 3.0 PCIe 5.0 Full Modular Power Supply,89.99,eBay
Power Supply,500W Power Supply 0TPX56 For Dell Vostro Inspiron 3910 3030 D500EPS-01 TPX56,119.98,eBay
Power Supply,ASUS TUF Gaming 1000W Gold ATX 3.0 Compatible Fully Modular Power Supply PSU,92.99,eBay
Power Supply,"Brand NEW--Hercules DUAL FAN 600w-Max ATX Power Supply SATA, 20+4-pin, 6-Pin",29.99,eBay
Power Supply,ASUS ROG Strix Power Supply Magnetic Badge Logo Stickers AURA SYNC,24.99,eBay
Power Supply,NEW HP Power supply Proliant Gen10 550W 867935-602 878923-001 FSG019,180.0,eBay
Power Supply,PSU Power Supply 180W For Dell Optiplex 3910 3000 5000 7000 L180EBS-00 8+4Pin US,363.85,eBay
Power Supply,NEW Excelsys UX4 / UX4-00 600W 7.5A Modular Power Supply 4 Slot,179.0,eBay
Power Supply,EMACS R1S2-5380V4V Power Supply Cage (cage Only),61.74,eBay
Power Supply,"Commodore PSU Adapter C64 - C128 - Plus/4, Power Supply",19.99,eBay
Power Supply,R4850G2 Original Huawei rectifier module 53.5V 56.1A communication power supply,145.17,eBay
Power Supply,Segotep 650W Power Supply 80 Plus Gold Non-Modular ATX Gaming PC Case PSU,49.99,eBay
Power Supply,1PCS Advantech P1U-6150P 150W Desktop Power Supply,69.85,eBay
Power Supply,"EVGA Supernova 1600 G+, 80+ Gold 1600W, Fully Modular Power Supply",255.95,eBay
Power Supply,HP TG02-0013W 350W 80 Plus Gold PSU Internal Power Supply D20-350P1A M15695-002,19.0,eBay
Power Supply,EVGA Supernova 1000 P2 1000 Watt 80 Plus Platinum Power Supply 220-P2-1000,119.0,eBay
Power Supply,Power Supply PSU For Dell XPS 8950 3910 7000MT R13 R14 3710 T3660 400W/500W/600W,150.15,eBay
Power Supply,Dell Power Supply Optiplex 04FHYW 200 Watt 90 Day Warranty BLK1034,19.99,eBay
Power Supply,"HP Power Supply Model D18-180P1A L08404-001,2,3 4 + 4 Pins Power Supply BLK1072",19.39,eBay
Power Supply,CORSAIR HX1500i 1500W Fully Modular Ultra-Low Noise ATX Power Supply PSU,370.99,eBay
Power Supply,CORSAIR RMx Series RM850x ATX Power Supply - Fully Modular - ATX 3.1 - PCIe 5.1,154.49,eBay
Power Supply,GAMDIAS HELIOS P1-650G 80+ GOLD 650W ATX DESKTOP PC Power Supply PSU,37.97,eBay
Power Supply,"Corsair SF Series (2024) SF1000, 80 PLUS Platinum, Fully Modular SFX Power Suppl",236.99,eBay
Power Supply,MSI MPG A1000G PCIE 5 Power Supply ATX 80 Plus Gold-certified 1000W,109.98,eBay
Power Supply,Vilros 27W -5V/5A Raspberry Pi 5 Compatible USB-C Power Supply,11.49,eBay
Power Supply,ASUS ROG THOR 1600W Titanium III MAGNETIC OLED DISPLAY Gaming Power Supply,1438.88,eBay
Power Supply,MSI MAG A650BN 650W ATX 80+ BRONZE Power Supply PSU,72.49,eBay
Power Supply,Seasonic Modular 12V-2x6 90 Degree Power Cable NEW!,45.0,eBay
Power Supply,500W Power Supply Unit HK600-11PP For Lenovo P340 P330 P350 P328 P310 5P50V03181,115.49,eBay
Power Supply,"MEANWELL RSP-320-5 300W, 5V,60A switching power supply for LED signs",49.95,eBay
Power Supply,Kenweiipc BP3600U2 3600W Switching Power Supply – ASIC Power Supply,35.0,eBay
Power Supply,Sapphire 15072-000-0007 Power Supply,117.11,eBay
Power Supply,For Liteon 300W PA-2301-3 Power Supply 6Pin + 4Pin,57.76,eBay
Power Supply,NEW Power Supply PSU 500W For Envy 795-0003UR Desktop L05757-800,68.99,eBay
Power Supply,Spadger APS B500 500W ATX power supply NEW IN BOX,39.99,eBay
Power Supply,NEW 750W 750 WATT 775W Gaming Quiet Fan PSU SATA ATX Power Supply PCIe,59.09,eBay
Power Supply,"For HP 680 G9,800 G9 Power Supply,M76036-001,400W EPA92 FY22,PA-3401-3HA HPF",45.9,eBay
Power Supply,MSI MAG A750BN PCIE5 750 Watts 240 Volts 80 Plus Bronze Power Supply,63.99,eBay
Power Supply,Power Supply for HP Pavilion L08261-004 590-p0XXX 590-P0097CB D16-180P1B 180W,59.99,eBay
Power Supply,New Xbox One Slim Power Supply AC Adapter PA-1131-13MX,26.0,eBay
Power Supply,New For Acer 500W Switching Power Supply 6Pin+4Pin+8Pin(6+2) FSP500-20TGBAA,59.0,eBay
Power Supply,"For HP PRO 400G9 R SFF 240W Power Supply,M76039-001,002,PA-2241-5;D21-240P1A",35.9,eBay
Power Supply,For Liteon PA-2301-3 300W Power Supply 6Pin + 4Pin,58.0,eBay
Power Supply,Seasonic Modular Sleeved Power Cable Set NEW!,40.0,eBay
Power Supply,Daitron Ultra-Low Noise Switching Power Supply LFS150A 12v model,210.0,eBay
Power Supply,GameMax Power Supply 850W Fully Modular 80+ Gold Certified with RGB Light Mode,69.99,eBay
Power Supply,270W Power Supply For FSP270 60LE 1U PSU Flex ATX NAS Shuttle 24+4+IDE*1+SATA*3 ,31.98,eBay
Power Supply,MONTECH ALPHA GOLD 750 80+ GOLD 750W ATX DESKTOP PC Power Supply XWYA09-750W,39.97,eBay
Power Supply,NEW Antec MT-352 350W Micro-ATX Power Supply - 80 Plus Bronze - 350 W Computer,39.95,eBay
Power Supply,"Gigabyte GP-P550B (80 Plus Bronze 550W, Quiet Fan, Active Power Protection)",40.0,eBay
Power Supply,Seasonic Modular 16Pin Gen5 12V-2x6 White 600W 90° Adaptor cable,38.0,eBay
Power Supply,"C64 PSU Modern Gray US - Replacement Commodore 64 Power Supply, US Plug",72.99,eBay
Power Supply,New For Dell G5 7060 5060 7080MT 500W Platinum Power Supply PSU D500EPM-00,83.75,eBay
Power Supply,CORSAIR RMx Series RM850x ATX Power Supply - Fully Modular - ATX 3.1 - PCIe 5.1,154.49,eBay
Power Supply,Original APPLE HD Cinema Display 65W 90W 150W Power Adapter Power Supply,12.0,eBay
Power Supply,Seasonic Modular 12V-2x6 Power Cable NEW!,30.0,eBay
Power Supply,Segotep 750W Gaming Power Supplies 80 Plus Gold Certified PCIe 5.0 & ATX 3.0 PSU,74.99,eBay
Power Supply,NEBRA International 12V 1.5A Power Supply TM-K018VP-01201500PE-Z NBR-033,12.49,eBay
Power Supply,STOTZ DPW-PS power supply,115.0,eBay
Power Supply,Power Supply,0,PCPartPicker
Memory,A-Tech 128GB 4x 32GB 2Rx4 PC4-21300R DDR4 2666 ECC REG RDIMM Server Memory RAM,127.96,eBay
Memory,HYNIX 128GB (4x32GB) 4DRX4 PC4-2133P DDR4 SERVER MEMORY RAM - HMA84GL7MMR4N,75.0,eBay
Memory,Netac DDR4 32GB (2x16GB) DDR4 DRAM 3200MHz UDIMM Desktop Internal Memory RAM Kit,39.99,eBay
Memory,Onnit - Alpha Brain Memory & Focus 90 Caps,16.99,eBay
Memory,512GB = 16x 32GB 2Rx4 2400T Dell Poweredge R430 R630 R730 R830 ECC Server Memory,399.99,eBay
Memory,Improves Memory Regular Strength - 60 Capsules,21.99,eBay
Memory,Improves Memory Regular Strength - 60 Capsules,14.87,eBay
Memory,Crucial 16GB DDR5 5600 PC5 44800 SODIMM,38.0,eBay
Memory,Samsung 32gb PC4-2400T 2Rx4 DDR4 ECC RDIMM Server Memory M393A4K40BB1-CRC,23.0,eBay
Memory,512GB = 8x 64GB 4DRx4 2400T Dell Poweredge R430 R630 R730 R830 ECC Server Memory,399.99,eBay
Memory,512GB = 16x 32GB 2Rx4 2400T Dell Poweredge R430 R630 R730 R830 ECC Server Memory,399.99,eBay
Memory,A-Tech 512GB 8x 64GB 4Rx4 PC4-19200 ECC Load Reduced LRDIMM Server Memory RAM,439.92,eBay
Memory,256GB 8x32GB 2Rx4 2933Y Dell Poweredge R540 R640 R740 R840 ECC Server Memory,245.99,eBay
Memory,A-Tech 256GB 8x 32GB 2Rx4 PC4-19200R DDR4 2400 ECC REG RDIMM Server Memory RAM,255.92,eBay
Memory,Dell Memory SNPVDFYDC/16G AA335286 16GB 2Rx8 DDR4 ECC UDIMM 2666MHz RAM,114.95,eBay
Memory,Dell Memory SNPD715XC/8G AA335287 8GB 1Rx8 DDR4 ECC UDIMM 2666MHz RAM,67.95,eBay
Memory,HyperX FURY DDR4 16GB 32GB 64GB 3200MHz PC4-25600 Desktop RAM Memory DIMM 288PIN,30.2,eBay
Memory,256GB (8x32GB) DDR4 PC4-2400T-R ECC Reg Memory RAM DELL Precision WS T5810,264.87,eBay
Memory,HyperX FURY DDR3 16GB 2x 8GB 1600 MHz PC3-12800 Desktop RAM Memory DIMM 240pins,17.85,eBay
Memory,128GB = 8x 16GB 2Rx8 2933Y Dell Poweredge R440 R640 R740 R840 ECC Server Memory,134.99,eBay
Memory,"Dell Poweredge R640 Memory Upgrade kit 64GB, 128GB 256GB PC4-2666",315.7,eBay
Memory,32GB Kingston 2x16GB 2400MHz DDR4 Non-ECC Desktop RAM Memory KVR24N17D8/16,64.99,eBay
Memory,"128GB (4 X 32GB) DDR3 1333 Apple Mac Pro Late 2013 A1481 MacPro 6,1 Memory Ram",91.72,eBay
Memory,SK HYNIX 32GB (1X32GB) 4RX4 PC4-2133P DDR4 SERVER MEMORY HMA84GL7AMMR4N-TF,16.0,eBay
Memory,Micron Ballistix BLS8G4D240FSB 16GB (2x 8GB) 2400MHz DDR4 Desktop Memory RAM,24.99,eBay
Memory,4 Pack Intel Optane 200 Series 128GB DDR4 3200MHz Memory NMB1XXD128GPS,151.2,eBay
Memory,Skhynix HMA84GR7AFR4N-VK 2RX4 PC4-2666V 32GB DDR4 ECC Server Memory,42.27,eBay
Memory,A-Tech 512GB 8x 64GB 4Rx4 PC4-19200 ECC Load Reduced LRDIMM Server Memory RAM,439.92,eBay
Memory,256GB 8x32GB 2Rx4 2933Y Dell Poweredge R540 R640 R740 R840 ECC Server Memory,245.99,eBay
Memory,SAMSUNG 128GB (4x32GB) 4DRX4 PC4-2133P DDR4 SERVER MEMORY RAM - M386A4G40DM0-CPB,84.0,eBay
Memory,Samsung 256GB (8x 32GB) PC3-14900L 4Rx4 DDR3 ECC Server Memory RAM LRDIMM,89.0,eBay
Memory,"64GB (4X16GB) DDR3 1866 DIMM Apple Mac Pro Late 2013 A1481 MacPro 6,1 Memory Ram",33.76,eBay
Memory,1TB 16x 64GB 4DRx4 2400T Poweredge R430 R630 R730 R830 ECC Server Memory RAM,764.99,eBay
Memory,SK hynix 128GB ( 4 x 32GB ) 2Rx4 PC4-2666V RDIMM HMA84GR7AFR4N HPE Server Memory,119.9,eBay
Memory,Sony QD-G128 128GB XQD G Series Memory Card,67.0,eBay
Memory,16GB 1867MHz 1.35V DDR3 SODIMM Memory Apple iMac 27-inch late 2015,135.0,eBay
Memory,A-Tech 256GB 8x 32GB 2Rx4 PC4-19200R DDR4 2400 ECC REG RDIMM Server Memory RAM,255.92,eBay
Memory,HP 32GB PC4-2400 (DDR4-2400) Server Memory ^*^809083-091^*^,19.99,eBay
Memory,MICRON DDR3L 8GB 1600Mhz 2Rx8 PC3L-12800 1.35V SODIMM Memory Laptop 204pin,7.0,eBay
Memory,Crucial 64GB DDR4 KIT 2x 32GB 3200 MHz PC4-25600 SODIMM 260-Pin Laptop Memory,107.99,eBay
Memory,Lot (8 ) HP Micron 32GB PC4-2133P ECC REG 752372-081U RENEW G9 Gen9,112.99,eBay
Memory,CORSAIR Vengeance 32GB (2 x 16GB) 288-Pin PC RAM DDR5 6400 (PC5 51200) Desktop M,87.99,eBay
Memory,SAMSUNG DDR3 1600MHz 16GB (2 x 8GB) PC3-12800 2Rx8 Laptop Memory SODIMM RAM 1.5V,14.22,eBay
Memory,Crucial DDR3L 1600MHz 16GB(2 x 8GB) SODIMM RAM PC3L-12800 2Rx8 Laptop Memory,15.3,eBay
Memory,Tactacam Reveal 32GB Class 10 Trail Camera SDHC Memory Card - 2 Pack,23.0,eBay
Memory,SanDisk Ultra 128 GB SD SDXC Memory Card SDSDUNR-128G-GN3IN 100mbps,12.99,eBay
Memory,PSP Adapter TF To MS Reader Micro SD Adapter Memory Stick MS Pro Duo Converter,3.9,eBay
Memory,Sony PS3 Playstation 3 Data Transfer Memory Card Adapter CECHZM1,52.89,eBay
Memory,[LOT 8] SK Hynix 32GB 2DRx4 PC4-2133P HMA84GL7AMR4N-TF DDR4 Server Memory RAM,140.0,eBay
Memory,Samsung 64GB 2Rx4 PC4-2933 RDIMM DDR4-23400 ECC REG Registered Server Memory RAM,99.95,eBay
Memory,SanDisk ExtremePRO 512GB Class 10 - SDXC UHS-I Memory Card - SDSDXXD-512G-GN4IN,45.0,eBay
Memory,64GB 2x32GB DDR4-2666MHz SODIMM RAM Memory Compatible with Mac mini late 2018,90.0,eBay
Memory,Crucial DDR3L 16GB 1600 2x 8GB PC3-12800 Laptop SODIMM Memory RAM PC3 16G DDR3,14.99,eBay
Memory,Memory,0,PCPartPicker
